<?xml version="1.0"?>
<tool_dependency>
	
	<package name="package_r3_withx" version="3.0.1">
		<repository changeset_revision="abc274f22004" name="package_r3_withx" owner="joachim-jacob" prior_installation_required="True" toolshed="http://testtoolshed.g2.bx.psu.edu/" />
	</package>
	
	<package name="package_biocLite_edgeR_limma" version="latest">
		<install version="1.0"> 
			<actions>
				<action type="set_environment_for_install">
					<repository changeset_revision="abc274f22004" name="package_r3_withx" owner="joachim-jacob" toolshed="http://testtoolshed.g2.bx.psu.edu/">
						<package name="package_r3_withx" version="3.0.1" />
					</repository>
				</action>
				<action type="make_directory">$INSTALL_DIR</action>
				<action type="shell_command">echo "source('http://bioconductor.org/biocLite.R')" &gt; $INSTALL_DIR/runme.R</action>
				<action type="shell_command">echo "installme=c('edgeR','limma')" &gt;&gt; $INSTALL_DIR/runme.R</action>
				<action type="shell_command">echo "biocLite()" &gt;&gt; $INSTALL_DIR/runme.R</action>
				<action type="shell_command">echo "biocLite(installme)" &gt;&gt; $INSTALL_DIR/runme.R</action>
				<action type="shell_command">echo "install.packages(c('stringr','gplots'),dependencies=T,repos='http://cran.us.r-project.org')" &gt;&gt; $INSTALL_DIR/runme.R</action>
				<action type="shell_command">echo "quit(save='no')" &gt;&gt; $INSTALL_DIR/runme.R</action>
				<action type="shell_command">export PATH=$PATH &amp;&amp; export R_HOME=$R_HOME &amp;&amp; export R_LIBS=$R_LIBS &amp;&amp; R CMD BATCH $INSTALL_DIR/runme.R </action>
			</actions>
		</install>
		<readme>
			Installs the latest bioc packages edgeR &amp; Limma
	   </readme>
	</package>
	
</tool_dependency>
